playerName,country,bowlType
Tilak Varma,India,Spin
M Kartik,India,Spin
Shahbaz Ahmed,India,Spin
P Ray Barman,India,Spin
KS Sharma,India,Spin
Ravi Bishnoi,India,Spin
Jalaj S Saxena,India,Spin
PV Tambe,India,Spin
K Yadav,India,Spin
DR Shorey,India,Spin
Harmeet Singh,India,Spin
Lalit Yadav,India,Spin
S Gopal,India,Spin
A Badoni,India,Spin
PC Valthaty,India,Spin
RR Powar,India,Spin
V Sehwag,India,Spin
J Yadav,India,Spin
P Negi,India,Spin
B Sai Sudharsan,India,Spin
AR Patel,India,Spin
RK Singh,India,Spin
R Ashwin,India,Spin
P Chopra,India,Spin
B Indrajith,India,Spin
Anuj Rawat,India,Spin
PP Ojha,India,Spin
Washington Sundar,India,Spin
R Sharma,India,Spin
Parvez Rasool,India,Spin
Harpreet Brar,India,Spin
Iqbal Abdulla,India,Spin
YS Chahal,India,Spin
J Suchith,India,Spin
Swapnil Singh,India,Spin
R Tewatia,India,Spin
UBT Chand,India,Spin
A Kumble,India,Spin
CV Varun,India,Spin
Bipul Sharma,India,Spin
Abhishek Sharma,India,Spin
S Kaushik,India,Spin
RD Chahar,India,Spin
P Dubey,India,Spin
Harbhajan Singh,India,Spin
M Markande,India,Spin
R Bishnoi,India,Spin
SS Prabhudessai,India,Spin
YA Abdulla,India,Spin
Yuvraj Singh,India,Spin
YK Pathan,India,Spin
K Gowtham,India,Spin
Kuldeep Yadav,India,Spin
KH Pandya,India,Spin
KV Sharma,India,Spin
R Sai Kishore,India,Spin
M Ashwin,India,Spin
RA Jadeja,India,Spin
PP Chawla,India,Spin
SB Jakati,India,Spin
S Nadeem,India,Spin
A Mishra,India,Spin
SD Lad,India,Spin
KC Cariappa,India,Spin
Ankit Soni,India,Spin
I Sharma,India,Pace
S Sandeep Warrier,India,Pace
Shashank Singh,India,Pace
B Kumar,India,Pace
Akash Singh,India,Pace
JD Unadkat,India,Pace
M Prasidh Krishna,India,Pace
A Choudhary,India,Pace
Yashpal Singh,India,Pace
V Pratap Singh,India,Pace
Jaskaran Singh,India,Pace
Mohammed Shami,India,Pace
STR Binny,India,Pace
Shivam Mavi,India,Pace
T Natarajan,India,Pace
HH Pandya,India,Pace
NA Saini,India,Pace
V Shankar,India,Pace
VR Iyer,India,Pace
DL Chahar,India,Pace
JJ Bumrah,India,Pace
Rasikh Salam,India,Pace
KL Nagarkoti,India,Pace
PJ Sangwan,India,Pace
MS Gony,India,Pace
K Khejroliya,India,Pace
Anureet Singh,India,Pace
A Nehra,India,Pace
MM Sharma,India,Pace
KK Ahmed,India,Pace
N Saini,India,Pace
IC Porel,India,Pace
Arshdeep Singh,India,Pace
S Kaul,India,Pace
AB Agarkar,India,Pace
SC Ganguly,India,Pace
Akash Deep,India,Pace
S Aravind,India,Pace
SK Trivedi,India,Pace
BB Sran,India,Pace
Kartik Tyagi,India,Pace
MM Patel,India,Pace
KR Sen,India,Pace
AS Rajpoot,India,Pace
Umran Malik,India,Pace
IK Pathan,India,Pace
R Vinay Kumar,India,Pace
Joginder Sharma,India,Pace
R Sathish,India,Pace
Monu Kumar,India,Pace
UT Yadav,India,Pace
R Dhawan,India,Pace
S Dube,India,Pace
SN Thakur,India,Pace
Basil Thampi,India,Pace
C Sakariya,India,Pace
Y Prithvi Raj,India,Pace
R Bhatia,India,Pace
SR Tendulkar,India,Pace
RA Bawa,India,Pace
TU Deshpande,India,Pace
Mohammed Siraj,India,Pace
RP Singh,India,Pace
AB Dinda,India,Pace
Z Khan,India,Pace
P Awana,India,Pace
Yash Dayal,India,Pace
DS Kulkarni,India,Pace
Avesh Khan,India,Pace
P Sahu,India,Pace
Sandeep Sharma,India,Pace
P Kumar,India,Pace
VR Aaron,India,Pace
Mukesh Choudhary,India,Pace
S Sreesanth,India,Pace
HV Patel,India,Pace
Mohsin Khan (2),India,Pace
Kamran Khan,India,Pace
LR Shukla,India,None
ER Dwivedi,India,None
WP Saha,India,None
AR Bawne,India,None
MS Bisla,India,None
KB Arun Karthik,India,None
R Parag,India,None
Karanveer Singh,India,None
KL Rahul,India,None
GH Vihari,India,None
R Dravid,India,None
PA Patel,India,None
Virat Singh,India,None
A Chopra,India,None
Gurkeerat Singh,India,None
KK Nair,India,None
RM Patidar,India,None
RG Sharma,India,None
S Vidyut,India,None
S Dhawan,India,None
DJ Hooda,India,None
MK Lomror,India,None
VVS Laxman,India,None
Vishnu Vinod,India,None
Mandeep Singh,India,None
AT Rayudu,India,None
N Jagadeesan,India,None
AP Tare,India,None
NS Naik,India,None
RV Uthappa,India,None
M Shahrukh Khan,India,None
V Kohli,India,None
SK Raina,India,None
RS Gavaskar,India,None
SP Jackson,India,None
TM Srivastava,India,None
S Badrinath,India,None
Abdul Samad,India,None
P Simran Singh,India,None
M Kaif,India,None
M Vijay,India,None
YBK Jaiswal,India,None
SA Yadav,India,None
PK Garg,India,None
RD Gaikwad,India,None
IR Jaggi,India,None
KS Bharat,India,None
AM Rahane,India,None
RK Bhui,India,None
NV Ojha,India,None
Ishan Kishan,India,None
SP Goswami,India,None
Shubman Gill,India,None
RA Tripathi,India,None
SS Iyer,India,None
MS Dhoni,India,None
SV Samson,India,None
RR Pant,India,None
MK Pandey,India,None
Ankit Sharma,India,None
N Rana,India,None
D Padikkal,India,None
KD Karthik,India,None
SS Tiwary,India,None
AD Nath,India,None
SN Khan,India,None
Sachin Baby,India,None
G Gambhir,India,None
PP Shaw,India,None
MK Tiwary,India,None
M Vohra,India,None
A Ashish Reddy,India,None
KM Jadhav,India,None
MA Agarwal,India,None
CA Pujara,India,None
K Kartikeya,India,Spin
Y Nagar,India,None
Ramandeep Singh,India,Pace
C Ganapathy,India,Pace
PH Solanki,India,Spin
S Anirudha,India,None
GS Sandhu,India,Pace
Shivam Sharma,India,Spin
B Sumanth,India,None
AA Bilakhia,India,Pace
PA Reddy,India,None
P Parameswaran,India,Pace
CM Gautam,India,None
P Prasanth,India,Spin
VG Arora,India,Pace
BA Bhatt,India,Spin
VY Mahesh,India,
AN Ghosh,India,
PN Mankad,India,
HR Shokeen,India,
Niraj Patel,India,
S Tyagi,India,
Anmolpreet Singh,India,
PM Sarvesh Kumar,India,
UA Birla,India,
AS Yadav,India,
Y Gnaneswara Rao,India,
SA Asnodkar,India,
J Arunkumar,India,
R Sanjay Yadav,India,
S Narwal,India,
RG More,India,
M Rawat,India,
SS Shaikh,India,
T Kohli,India,
A Manohar,India,
SB Joshi,India,
P Amarnath,India,
AM Nayar,India,
TP Sudhindra,India,
AB Barath,India,
B Chipli,India,
AS Raut,India,
T Henderson,India,
Harmeet Singh (2),India,
AN Ahmed,India,
I Malhotra,India,
Anirudh Singh,India,
S Sriram,India,
A Singh,India,
Anand Rajan,India,
NB Singh,India,
MD Mishra,India,
KM Asif,India,
Harpreet Singh,India,
S Rana,India,
MB Parmar,India,
GD Phillips,India,
W Jaffer,India,
SB Bangar,India,
Simarjeet Singh,India,
R Shukla,India,
B Akhil,India,
A Mukund,India,
AG Paunikar,India,
VRV Singh,India,
SS Agarwal,India,
Y Venugopal Rao,India,
Pankaj Singh,India,
Gagandeep Singh,India,
X Thalaivan Sargunam,India,
RR Bhatkal,India,
R Ninan,India,
C Madan,India,
H Das,India,
Sunny Gupta,India,
VH Zol,India,
RR Raje,India,
WA Mota,India,
AA Chavan,India,
JM Sharma,India,
AP Dole,India,
AL Menaria,India,
DJ Muthuswami,India,
L Ablish,India,
RV Patel,India,
VS Malik,India,
RV Gomez,India,
YV Takawale,India,
VS Yeligati,India,
LI Meriwala,India,
BB Samantray,India,
MC Juneja,India,
S Midhun,India,
A Mithun,India,
S Ladda,India,
IC Pandey,India,
FY Fazal,India,
D Salunkhe,India,
A Tomar,India,
A Chandila,India,
Shoaib Ahmed,India,
AM Salvi,India,
RA Shaikh,India,
MA Khote,India,
P Suyal,India,
Aman Hakim Khan,India,
U Kaul,India,
D Kalyankrishna,India,
AA Kazi,India,
DH Yagnik,India,
DG Nalkande,India,
S Sohal,India,
SD Chitnis,India,
M Manhas,India,
DT Patil,India,
KP Appanna,India,
AA Jhunjhunwala,India,
AG Murtaza,India,
RR Bose,India,
SB Wagh,India,
K Upadhyay,India,
L Balaji,India,
J Syed Mohammad,India,
P Dogra,India,
ND Doshi,India,
DB Das,India,
PR Shah,India,
C Nanda,India,
SJ Srivastava,India,
K Goel,India,
SS Mundhe,India,
RS Sodhi,India,
AUK Pathan,India,
AS Roy,India,
AP Majumdar,India,
DP Vijaykumar,India,
Tejas Baroka,India,
TL Suman,India,
Sunny Singh,India,
A Uniyal,India,
DB Ravi Teja,India,
Harshit Rana,India,
