playerName,country
Mujeeb Ur Rahman,Afghanistan
Mohammad Nabi,Afghanistan
Rashid Khan,Afghanistan
MS Wade,Australia
DT Christian,Australia
PJ Cummins,Australia
MJ Clarke,Australia
DS Lehmann,Australia
SPD Smith,Australia
AJ Tye,Australia
BJ Hodge,Australia
BJ Haddin,Australia
JP Behrendorff,Australia
AJ Finch,Australia
JL Pattinson,Australia
AB McDonald,Australia
MR Marsh,Australia
TD Paine,Australia
SM Katich,Australia
GB Hogg,Australia
SW Tait,Australia
GJ Bailey,Australia
RT Ponting,Australia
JA Richardson,Australia
AC Gilchrist,Australia
UT Khawaja,Australia
B Lee,Australia
JR Hazlewood,Australia
CA Lynn,Australia
JP Faulkner,Australia
DJM Short,Australia
DP Nannes,Australia
MG Johnson,Australia
TM Head,Australia
ML Hayden,Australia
NM Coulter-Nile,Australia
MA Starc,Australia
A Symonds,Australia
KW Richardson,Australia
JR Hopes,Australia
MC Henriques,Australia
MP Stoinis,Australia
PSP Handscomb,Australia
GD McGrath,Australia
DE Bollinger,Australia
BCJ Cutting,Australia
AJ Turner,Australia
B Laughlin,Australia
SK Warne,Australia
SE Marsh,Australia
CL White,Australia
AT Carey,Australia
BW Hilfenhaus,Australia
JR Philippe,Australia
B Stanlake,Australia
GJ Maxwell,Australia
DR Sams,Australia
DA Warner,Australia
A Zampa,Australia
SR Watson,Australia
Mohammad Ashraful,Bangladesh
Shakib Al Hasan,Bangladesh
Mustafizur Rahman,Bangladesh
Mashrafe Mortaza,Bangladesh
JL Denly,England
T Banton,England
CJ Jordan,England
DJ Willey,England
JC Buttler,England
LJ Wright,England
SW Billings,England
PD Collingwood,England
RS Bopara,England
AD Hales,England
JM Bairstow,England
AU Rashid,England
A Flintoff,England
CR Woakes,England
TH David,England
DJ Malan,England
LS Livingstone,England
KP Pietersen,England
MM Ali,England
JC Archer,England
JJ Roy,England
TK Curran,England
EJG Morgan,England
HF Gurney,England
MA Wood,England
SM Curran,England
TS Mills,England
BA Stokes,England
LE Plunkett,England
I Sharma,India
LR Shukla,India
Tilak Varma,India
ER Dwivedi,India
M Kartik,India
S Sandeep Warrier,India
Shahbaz Ahmed,India
WP Saha,India
P Ray Barman,India
AR Bawne,India
Shashank Singh,India
MS Bisla,India
KB Arun Karthik,India
KS Sharma,India
R Parag,India
Karanveer Singh,India
Ravi Bishnoi,India
Jalaj S Saxena,India
KL Rahul,India
B Kumar,India
PV Tambe,India
Akash Singh,India
GH Vihari,India
R Dravid,India
PA Patel,India
JD Unadkat,India
K Yadav,India
DR Shorey,India
M Prasidh Krishna,India
Virat Singh,India
A Chopra,India
Gurkeerat Singh,India
KK Nair,India
RM Patidar,India
Harmeet Singh,India
A Choudhary,India
Lalit Yadav,India
RG Sharma,India
Yashpal Singh,India
S Gopal,India
V Pratap Singh,India
Jaskaran Singh,India
Mohammed Shami,India
S Vidyut,India
STR Binny,India
S Dhawan,India
Shivam Mavi,India
K Kartikeya,India
Y Nagar,India
T Natarajan,India
HH Pandya,India
A Badoni,India
DJ Hooda,India
PC Valthaty,India
MK Lomror,India
RR Powar,India
Ramandeep Singh,India
V Sehwag,India
J Yadav,India
C Ganapathy,India
VVS Laxman,India
PH Solanki,India
S Anirudha,India
P Negi,India
Vishnu Vinod,India
GS Sandhu,India
Shivam Sharma,India
B Sumanth,India
NA Saini,India
B Sai Sudharsan,India
Mandeep Singh,India
V Shankar,India
AT Rayudu,India
VR Iyer,India
AA Bilakhia,India
N Jagadeesan,India
PA Reddy,India
P Parameswaran,India
AR Patel,India
DL Chahar,India
CM Gautam,India
RK Singh,India
JJ Bumrah,India
Rasikh Salam,India
P Prasanth,India
R Ashwin,India
AP Tare,India
P Chopra,India
KL Nagarkoti,India
B Indrajith,India
PJ Sangwan,India
NS Naik,India
VG Arora,India
BA Bhatt,India
MS Gony,India
RV Uthappa,India
K Khejroliya,India
VY Mahesh,India
AN Ghosh,India
M Shahrukh Khan,India
Anuj Rawat,India
V Kohli,India
PN Mankad,India
HR Shokeen,India
Niraj Patel,India
S Tyagi,India
SK Raina,India
PP Ojha,India
Washington Sundar,India
RS Gavaskar,India
SP Jackson,India
TM Srivastava,India
S Badrinath,India
Anmolpreet Singh,India
Anureet Singh,India
PM Sarvesh Kumar,India
Abdul Samad,India
UA Birla,India
P Simran Singh,India
A Nehra,India
R Sharma,India
AS Yadav,India
Y Gnaneswara Rao,India
SA Asnodkar,India
J Arunkumar,India
MM Sharma,India
M Kaif,India
R Sanjay Yadav,India
S Narwal,India
RG More,India
M Rawat,India
SS Shaikh,India
KK Ahmed,India
T Kohli,India
Parvez Rasool,India
A Manohar,India
N Saini,India
SB Joshi,India
P Amarnath,India
AM Nayar,India
Harpreet Brar,India
TP Sudhindra,India
AB Barath,India
IC Porel,India
B Chipli,India
AS Raut,India
T Henderson,India
Harmeet Singh (2),India
M Vijay,India
Iqbal Abdulla,India
AN Ahmed,India
I Malhotra,India
Anirudh Singh,India
YBK Jaiswal,India
Arshdeep Singh,India
S Sriram,India
S Kaul,India
AB Agarkar,India
SC Ganguly,India
SA Yadav,India
A Singh,India
Akash Deep,India
YS Chahal,India
J Suchith,India
Swapnil Singh,India
PK Garg,India
RD Gaikwad,India
IR Jaggi,India
S Aravind,India
KS Bharat,India
AM Rahane,India
SK Trivedi,India
R Tewatia,India
UBT Chand,India
Anand Rajan,India
NB Singh,India
A Kumble,India
MD Mishra,India
BB Sran,India
Kartik Tyagi,India
RK Bhui,India
NV Ojha,India
MM Patel,India
CV Varun,India
KM Asif,India
KR Sen,India
AS Rajpoot,India
Umran Malik,India
IK Pathan,India
Ishan Kishan,India
R Vinay Kumar,India
Joginder Sharma,India
SP Goswami,India
R Sathish,India
Harpreet Singh,India
Bipul Sharma,India
Shubman Gill,India
Abhishek Sharma,India
Monu Kumar,India
S Kaushik,India
RD Chahar,India
P Dubey,India
S Rana,India
Harbhajan Singh,India
MB Parmar,India
GD Phillips,India
W Jaffer,India
UT Yadav,India
M Markande,India
SB Bangar,India
RA Tripathi,India
R Bishnoi,India
R Dhawan,India
SS Prabhudessai,India
SS Iyer,India
S Dube,India
SN Thakur,India
YA Abdulla,India
Simarjeet Singh,India
MS Dhoni,India
SV Samson,India
Basil Thampi,India
C Sakariya,India
R Shukla,India
Y Prithvi Raj,India
RR Pant,India
B Akhil,India
R Bhatia,India
Yuvraj Singh,India
YK Pathan,India
K Gowtham,India
SR Tendulkar,India
RA Bawa,India
TU Deshpande,India
MK Pandey,India
Ankit Sharma,India
N Rana,India
D Padikkal,India
KD Karthik,India
Mohammed Siraj,India
RP Singh,India
A Mukund,India
AG Paunikar,India
Kuldeep Yadav,India
KH Pandya,India
SS Tiwary,India
AD Nath,India
VRV Singh,India
SS Agarwal,India
AB Dinda,India
SN Khan,India
KV Sharma,India
Sachin Baby,India
Y Venugopal Rao,India
Z Khan,India
G Gambhir,India
R Sai Kishore,India
Pankaj Singh,India
M Ashwin,India
RA Jadeja,India
PP Chawla,India
PP Shaw,India
P Awana,India
Yash Dayal,India
MK Tiwary,India
Gagandeep Singh,India
M Vohra,India
SB Jakati,India
S Nadeem,India
DS Kulkarni,India
Avesh Khan,India
A Mishra,India
P Sahu,India
SD Lad,India
KC Cariappa,India
Ankit Soni,India
Sandeep Sharma,India
P Kumar,India
A Ashish Reddy,India
VR Aaron,India
KM Jadhav,India
Mukesh Choudhary,India
MA Agarwal,India
S Sreesanth,India
CA Pujara,India
HV Patel,India
S Lamichhane,Nepal
RN ten Doeschate,Netherlands
SC Kuggeleijn,New Zealand
MJ Santner,New Zealand
C de Grandhomme,New Zealand
AF Milne,New Zealand
DJ Mitchell,New Zealand
NL McCullum,New Zealand
CJ Ferguson,New Zealand
JEC Franklin,New Zealand
SB Styris,New Zealand
TG Southee,New Zealand
CJ Anderson,New Zealand
TL Seifert,New Zealand
DP Conway,New Zealand
SP Fleming,New Zealand
DL Vettori,New Zealand
IS Sodhi,New Zealand
JDS Neesham,New Zealand
KS Williamson,New Zealand
LH Ferguson,New Zealand
JD Ryder,New Zealand
KA Jamieson,New Zealand
C Munro,New Zealand
TA Boult,New Zealand
JDP Oram,New Zealand
MJ Guptill,New Zealand
MJ McClenaghan,New Zealand
BB McCullum,New Zealand
Sohail Tanvir,Pakistan
Kamran Akmal,Pakistan
Abdur Razzak,Pakistan
Shahid Afridi,Pakistan
Younis Khan,Pakistan
Shoaib Akhtar,Pakistan
Umar Gul,Pakistan
Misbah-ul-Haq,Pakistan
Mohammad Hafeez,Pakistan
Shoaib Malik,Pakistan
RE van der Merwe,South Africa
RJ Peterson,South Africa
AB de Villiers,South Africa
RR Rossouw,South Africa
CA Ingram,South Africa
WD Parnell,South Africa
D Brevis,South Africa
AK Markram,South Africa
D Pretorius,South Africa
Imran Tahir,South Africa
MN van Wyk,South Africa
M Morkel,South Africa
T Shamsi,South Africa
D du Preez,South Africa
SM Pollock,South Africa
L Ngidi,South Africa
DA Miller,South Africa
BE Hendricks,South Africa
M Jansen,South Africa
M Ntini,South Africa
H Klaasen,South Africa
JJ van der Wath,South Africa
JH Kallis,South Africa
HH Gibbs,South Africa
GC Viljoen,South Africa
CK Langeveldt,South Africa
CH Morris,South Africa
HE van der Dussen,South Africa
F Behardien,South Africa
K Rabada,South Africa
A Nortje,South Africa
DW Steyn,South Africa
Q de Kock,South Africa
JP Duminy,South Africa
HM Amla,South Africa
D Wiese,South Africa
JA Morkel,South Africa
F du Plessis,South Africa
KJ Abbott,South Africa
PBB Rajapaksa,Sri Lanka
PWH de Silva,Sri Lanka
S Randiv,Sri Lanka
NLTC Perera,Sri Lanka
KMDN Kulasekara,Sri Lanka
M Theekshana,Sri Lanka
TM Dilshan,Sri Lanka
LPC Silva,Sri Lanka
CRD Fernando,Sri Lanka
AD Mathews,Sri Lanka
DPMD Jayawardene,Sri Lanka
CK Kapugedera,Sri Lanka
BMAJ Mendis,Sri Lanka
ST Jayasuriya,Sri Lanka
SL Malinga,Sri Lanka
PVD Chameera,Sri Lanka
M Muralitharan,Sri Lanka
KC Sangakkara,Sri Lanka
BAW Mendis,Sri Lanka
M Pathirana,Sri Lanka
SMSM Senanayake,Sri Lanka
I Udana,Sri Lanka
A Dananjaya,Sri Lanka
O Thomas,West Indies
SO Hetmyer,West Indies
CH Gayle,West Indies
SS Cottrell,West Indies
DM Bravo,West Indies
MN Samuels,West Indies
KAJ Roach,West Indies
JO Holder,West Indies
AS Joseph,West Indies
S Badree,West Indies
CR Brathwaite,West Indies
DR Smith,West Indies
R Rampaul,West Indies
R Shepherd,West Indies
SE Rutherford,West Indies
SP Narine,West Indies
DJ Bravo,West Indies
DJG Sammy,West Indies
JE Taylor,West Indies
AD Russell,West Indies
FH Edwards,West Indies
S Chanderpaul,West Indies
E Lewis,West Indies
LMP Simmons,West Indies
JPR Scantlebury-Searles,West Indies
FA Allen,West Indies
R Powell,West Indies
KA Pollard,West Indies
N Pooran,West Indies
KMA Paul,West Indies
X Thalaivan Sargunam,India
T Stubbs,Australia
NT Ellis,Australia
RR Bhatkal,India
DJ Harris,Australia
R Ninan,India
Azhar Mahmood,Pakistan
WPUJC Vaas,Sri Lanka
C Madan,India
RE Levi,South Africa
H Das,India
DR Martyn,Australia
Sunny Gupta,India
OF Smith,West Indies
RJ Quiney,Australia
BR Dunk,Australia
VH Zol,India
RR Raje,India
NJ Rimmington,Australia
WA Mota,India
AA Chavan,India
JM Sharma,India
LA Pomersbach,Zimbabwe
SS Sarkar,Bangladesh
AP Dole,India
AC Thomas,South Africa
KK Cooper,West Indies
AL Menaria,India
DJ Muthuswami,India
L Ablish,India
RJ Harris,Australia
OC McCoy,West Indies
RV Patel,India
SA Abbott,Australia
VS Malik,India
RV Gomez,India
YV Takawale,India
VS Yeligati,India
JW Hastings,Australia
LI Meriwala,India
AC Blizzard,Australia
BB Samantray,India
MC Juneja,India
DAJ Bracewell,New Zealand
BJ Rohrer,Australia
S Midhun,India
A Mithun,India
Fazalhaq Farooqi,Afghanistan
RW Price,Zimbabwe
MG Neser,Australia
S Ladda,India
T Thushara,Sri Lanka
K Santokie,West Indies
IC Pandey,India
FY Fazal,India
M de Lange,South Africa
LRPL Taylor,New Zealand
MEK Hussey,Australia
D Salunkhe,India
A Tomar,India
A Chandila,India
Shoaib Ahmed,India
TR Birt,Australia
J Botha,Australia
AM Salvi,India
RA Shaikh,India
DJ Jacobs,South Africa
CJ Green,Australia
MA Khote,India
P Suyal,India
B Geeves,Australia
Aman Hakim Khan,India
U Kaul,India
D Kalyankrishna,India
RP Meredith,Australia
DJ Hussey,Australia
AA Kazi,India
LA Carseldine,Australia
DH Yagnik,India
DG Nalkande,India
S Sohal,India
SD Chitnis,India
M Klinger,Australia
Mohsin Khan (2),India
A Nel,South Africa
M Manhas,India
DT Patil,India
MJ Lumb,South Africa
Mohammad Asif,Pakistan
GHS Garton,England
Kamran Khan,India
CJ Dala,South Africa
KP Appanna,India
J Theron,South Africa
AA Noffke,Australia
DNT Zoysa,Ireland
AD Mascarenhas,England
AA Jhunjhunwala,India
AG Murtaza,India
CJ McKay,Australia
RR Bose,India
SB Wagh,India
K Upadhyay,India
L Balaji,India
J Syed Mohammad,India
SM Boland,Australia
P Dogra,India
ND Doshi,India
SM Harwood,Australia
DB Das,India
GC Smith,South Africa
PR Shah,India
RR Sarwan,West Indies
R McLaren,South Africa
GR Napier,England
C Nanda,India
AC Voges,Australia
SJ Srivastava,India
MJ Henry,New Zealand
NJ Maddinson,Australia
OA Shah,England
K Goel,India
SS Mundhe,India
RS Sodhi,India
AUK Pathan,India
L Ronchi,New Zealand
T Taibu,Zimbabwe
AS Roy,India
JM Kemp,South Africa
SE Bond,New Zealand
AP Majumdar,India
DP Vijaykumar,India
Tejas Baroka,India
TL Suman,India
Sunny Singh,India
A Uniyal,India
DB Ravi Teja,India
MF Maharoof,Sri Lanka
MDKJ Perera,Sri Lanka
Harshit Rana,India
Salman Butt,Pakistan
DJ Thornely,England
MV Boucher,South Africa
